time (sec),X raw (m/s^2),Y raw (m/s^2),Z raw (m/s^2)
0,0.292989,2.17557,9.73103
0.010039,-0.134673,2.03895,9.75767
0.0200781,-0.161159,2.29498,9.68569
0.0301171,0.301069,2.10569,9.47964
0.0401562,0.554105,2.0804,9.31893
0.0501952,0.554105,2.0804,9.31893
0.0602343,0.554105,2.0804,9.31893
0.0702733,0.554404,2.47185,9.11722
0.0803124,0.655409,2.48053,9.39839
0.0903514,0.707184,2.52737,9.43505
0.10039,0.707184,2.52737,9.43505
0.11043,1.14278,2.78549,9.23469
0.120469,0.985359,2.59844,8.86374
0.130508,0.650322,2.65112,8.86344
0.140547,0.650322,2.65112,8.86344
0.150586,0.563083,2.8428,9.38896
0.160625,0.563083,2.8428,9.38896
0.170664,0.60962,2.94755,9.84955
0.180703,0.652566,2.86525,9.83698
0.190742,0.706136,2.06469,9.78071
0.200781,0.746987,2.63271,9.34093
0.21082,0.774071,2.39524,9.61581
0.220859,0.760155,2.24949,9.64409
0.230898,0.549915,2.10793,9.50807
0.240937,0.549915,2.10793,9.50807
0.250976,-0.109684,2.00753,10.5528
0.261015,-0.0392049,2.29947,10.6031
0.271054,-0.0392049,2.29947,10.6031
0.281093,0.107439,2.32655,10.3146
0.291132,0.386961,2.01172,9.82515
0.301171,0.386961,2.01172,9.82515
0.31121,0.400578,2.05032,9.66968
0.32125,0.562036,1.96728,9.32986
0.331289,1.09295,2.00005,9.19294
0.341328,0.960818,2.19742,9.40093
0.351367,0.123151,2.39628,9.75527
0.361406,-0.297478,2.0415,9.75288
0.371445,-0.0555153,2.15342,9.77084
0.381484,0.342369,2.66428,9.81064
0.391523,0.494999,2.90071,9.49251
0.401562,0.439633,2.93258,9.34557
0.411601,0.281617,2.98885,9.24786
0.42164,0.0834974,3.13803,9.18426
0.431679,-0.0393545,3.20343,9.22212
0.441718,-0.0900814,3.0086,9.44104
0.451757,-0.0363618,2.77412,9.36308
0.461796,0.110133,2.62433,9.20296
0.471835,0.333989,2.65321,9.15224
0.481874,0.429308,2.69107,9.39884
0.491913,0.405516,2.82888,9.50433
0.501952,0.295832,3.06995,9.48353
0.511991,0.216525,3.26897,9.38642
0.52203,0.245255,3.31655,9.11677
0.53207,0.224755,3.26014,8.79266
0.542109,0.0966654,3.06037,8.47753
0.552148,-0.0541685,2.8,8.9616
0.562187,0.0306756,2.83577,9.29409
0.572226,0.260218,2.89562,9.14999
0.582265,0.373643,2.91762,9.01921
0.592304,0.468363,2.92211,9.02714
0.602343,0.530163,2.90729,9.15927
0.612382,0.576102,2.95293,9.13742
0.622421,0.544977,2.88754,9.11618
0.63246,0.493652,2.80225,9.15598
0.642499,0.409257,2.82694,9.19788
0.652538,0.309,2.89577,9.23529
0.662577,0.270543,2.97897,9.28901
0.672616,0.246751,3.05095,9.28287
0.682655,0.249445,3.03718,9.3734
0.692694,0.26381,3.04586,9.43296
0.702733,0.349701,3.08012,9.40842
0.712772,0.475097,3.04062,9.47216
0.722811,0.59765,3.03449,9.5597
0.73285,0.673815,2.94829,9.50478
0.74289,0.600792,2.86525,9.48952
0.752929,0.51505,2.87303,9.56209
0.762968,0.456542,2.90266,9.60788
0.773007,0.381275,2.93124,9.49521
0.783046,0.309898,3.01698,9.43146
0.793085,0.236875,3.08042,9.41291
0.803124,0.199915,3.09599,9.34512
0.813163,0.191236,3.02551,9.36667
0.823202,0.204554,2.9269,9.45091
0.833241,0.23059,2.87048,9.55701
0.84328,0.25543,2.78384,9.58065
0.853319,0.277726,2.67221,9.64125
0.863358,0.301069,2.59874,9.71143
0.873397,0.336683,2.5736,9.71472
0.883436,0.365712,2.58034,9.6613
0.893475,0.321121,2.6381,9.56164
0.903514,0.261416,2.70888,9.48727
0.913553,0.266952,2.74614,9.42428
0.923592,0.310496,2.77307,9.45136
0.933631,0.402224,2.75751,9.50867
0.94367,0.491707,2.73357,9.5383
0.95371,0.510711,2.69556,9.52034
0.963749,0.534204,2.65486,9.51526
0.973788,0.592263,2.60039,9.43939
0.983827,0.621292,2.55176,9.34766
0.993866,0.586128,2.52796,9.30158
1.0039,0.525824,2.52303,9.29275
1.01394,0.49425,2.49504,9.34961
1.02398,0.472553,2.51016,9.41096
1.03402,0.476593,2.56178,9.45331
1.04406,0.502481,2.60847,9.45645
1.0541,0.542583,2.67311,9.39734
1.06414,0.580441,2.70289,9.34916
1.07418,0.560989,2.72564,9.3345
1.08422,0.53555,2.68658,9.31669
1.09426,0.483626,2.61999,9.32881
1.1043,0.438735,2.62478,9.36562
1.11433,0.465221,2.57884,9.42293
1.12437,0.508017,2.51614,9.45256
1.13441,0.567872,2.52752,9.42907
1.14445,0.579095,2.52557,9.38313
1.15449,0.488265,2.51121,9.28901
1.16453,0.376935,2.5543,9.29484
1.17457,0.349103,2.62478,9.30786
1.18461,0.402373,2.65112,9.2902
1.19465,0.492455,2.64513,9.34078
1.20469,0.588671,2.6589,9.44672
1.21472,0.665884,2.65142,9.50478
1.22476,0.693417,2.60892,9.50957
1.2348,0.694465,2.59231,9.51406
1.24484,0.650172,2.58034,9.48338
1.25488,0.554255,2.55176,9.3963
1.26492,0.486769,2.54682,9.35036
1.27496,0.439184,2.53844,9.29993
1.285,0.416739,2.52348,9.2709
1.29504,0.407311,2.53515,9.32402
1.30508,0.470907,2.51674,9.40438
1.31512,0.548269,2.48083,9.46917
1.32515,0.561886,2.45958,9.53725
1.33519,0.516397,2.40317,9.54698
1.34523,0.474498,2.39359,9.52992
1.35527,0.448162,2.43055,9.51032
1.36531,0.430804,2.46961,9.44179
1.37535,0.42452,2.53275,9.37355
1.38539,0.411202,2.58722,9.36682
1.39543,0.364665,2.63391,9.34901
1.40547,0.34596,2.63361,9.34093
1.41551,0.385764,2.60009,9.38148
1.42554,0.45729,2.59994,9.41799
1.43558,0.48213,2.59201,9.4162
1.44562,0.507419,2.60832,9.44194
1.45566,0.540339,2.63929,9.45615
1.4657,0.56039,2.62388,9.41156
1.47574,0.58104,2.60353,9.38986
1.48578,0.542284,2.54502,9.4165
1.49582,0.502331,2.48846,9.43086
1.50586,0.468513,2.42905,9.46154
1.5159,0.423772,2.39479,9.51406
1.52594,0.433947,2.40422,9.50179
1.53597,0.458787,2.4331,9.49132
1.54601,0.492305,2.45719,9.50942
1.55605,0.493502,2.48412,9.51615
1.56609,0.450706,2.45928,9.49565
1.57613,0.44921,2.38805,9.4771
1.58617,0.437239,2.31279,9.50733
1.59621,0.396687,2.27672,9.49266
1.60625,0.405516,2.28106,9.52349
1.61629,0.45744,2.33059,9.62689
1.62633,0.464173,2.37548,9.62539
1.63636,0.456392,2.39688,9.62225
1.6464,0.478389,2.38701,9.59337
1.65644,0.470907,2.38491,9.53456
1.66648,0.466717,2.35124,9.50987
1.67652,0.444272,2.31548,9.44867
1.68656,0.382472,2.27553,9.39929
1.6966,0.340424,2.25203,9.39944
1.70664,0.285058,2.25907,9.42099
1.71668,0.286106,2.24485,9.43849
1.72672,0.34626,2.2456,9.355
1.73676,0.310945,2.25652,9.33749
1.74679,0.306157,2.27119,9.29843
1.75683,0.318577,2.29588,9.20476
1.76687,0.317829,2.33897,9.13234
1.77691,0.328453,2.37279,9.10884
1.78695,0.340125,2.43504,9.08984
1.79699,0.315883,2.55011,9.04869
1.80703,0.301967,2.63106,9.01816
1.81707,0.287452,2.76364,8.94724
1.82711,0.231488,2.9474,8.88978
1.83715,0.171484,3.10721,8.86628
1.84718,0.113724,3.27809,8.83261
1.85722,0.0538693,3.48953,8.86314
1.86726,-0.0396538,3.65338,8.92823
1.8773,-0.133626,3.82756,8.89756
1.88734,-0.256029,4.03705,8.88529
1.89738,-0.386811,4.25777,9.0017
1.90742,-0.363169,4.54297,9.18845
1.91746,-0.150684,4.87218,9.38567
1.9275,0.0932238,5.15873,9.62255
1.93754,0.309748,5.37436,9.81034
1.94758,0.35838,5.57218,9.85179
1.95761,0.233583,5.7486,9.92496
1.96765,-0.0305259,5.84227,10.026
1.97769,-0.285507,5.92607,10.0468
1.98773,-0.477192,5.89464,10.0255
1.99777,-0.565777,5.77598,9.89533
2.00781,-0.487517,5.67617,9.83578
2.01785,-0.565777,5.51726,9.82815
2.02789,-0.707633,5.35864,9.81333
2.03793,-0.664687,5.40174,9.9088
2.04797,-0.442925,5.55661,9.97913
2.058,-0.163703,5.67198,10.0477
2.06804,-0.163703,5.67198,10.0477
2.07808,0.454297,5.9129,9.96058
2.08812,0.454297,5.9129,9.96058
2.09816,1.2143,5.58534,9.62015
2.1082,1.2143,5.58534,9.62015
2.11824,1.49338,5.02301,9.50329
2.12828,1.83096,3.23979,9.16466
2.13832,1.83096,3.23979,9.16466
2.14836,1.56341,2.17722,8.96908
2.1584,1.35421,1.15146,8.92838
2.16843,1.28568,0.219218,9.04944
2.17847,1.32863,-0.500535,9.15478
2.18851,1.5456,-1.08591,9.32267
2.19855,1.79819,-1.72187,9.48234
2.20859,2.07067,-2.25398,9.61851
2.21863,2.26266,-2.66548,9.8669
2.22867,2.11063,-3.06307,10.0049
2.23871,1.8133,-3.40529,10.1125
2.24875,1.68027,-3.58201,10.4307
2.25879,1.82751,-3.53457,10.6956
2.26882,2.03102,-3.30623,10.7589
2.27886,2.19607,-2.96386,10.7116
2.2889,2.21103,-2.53545,10.6839
2.29894,2.13307,-1.96578,10.5668
2.30898,2.02533,-1.37322,10.282
2.31902,1.93121,-0.810882,9.98916
2.32906,1.70781,-0.159214,9.69722
2.3391,1.44459,0.682045,9.51496
2.34914,1.32309,1.22463,9.36981
2.35918,1.36454,1.52914,9.27793
2.36922,1.37726,1.89066,9.2305
2.37925,1.41691,2.18979,9.21733
2.38929,1.5034,2.38596,9.28826
2.39933,1.50909,2.54383,9.36742
2.40937,1.47407,2.67655,9.46423
2.41941,1.5019,2.7831,9.54608
2.42945,1.51702,2.79312,9.59008
2.43949,1.50864,2.74808,9.5808
2.44953,1.523,2.6981,9.50344
2.45957,1.55218,2.65082,9.44747
2.46961,1.53393,2.59889,9.38028
2.47964,1.48081,2.53649,9.33061
2.48968,1.36035,2.38805,9.42039
2.49972,1.20503,2.20086,9.52798
2.50976,1.16567,2.04808,9.56179
2.5198,1.25815,1.94109,9.5793
2.52984,1.43397,1.82258,9.46648
2.53988,1.65319,1.69868,9.4162
2.54992,1.74925,1.69,9.47815
2.55996,1.82856,1.92448,9.27314
2.57,1.74477,2.11557,9.07682
2.58004,1.53931,2.27059,9.11483
2.59007,1.27311,2.38746,9.19189
2.60011,1.01813,2.4319,9.26776
2.61015,0.922361,2.42068,9.34437
2.62019,0.856671,2.40781,9.33869
2.63023,0.787838,2.43384,9.29559
2.64027,0.688479,2.44596,9.30621
2.65031,0.665884,2.48068,9.3547
2.66035,0.723195,2.53186,9.45406
2.67039,0.736213,2.5332,9.53336
2.68043,0.70479,2.58094,9.51122
2.69046,0.629373,2.62568,9.4373
2.7005,0.555153,2.6354,9.39734
2.71054,0.441429,2.59231,9.3957
2.72058,0.33803,2.57166,9.39226
2.73062,0.272489,2.56732,9.33016
2.74066,0.295233,2.54817,9.30816
2.7507,0.323515,2.55849,9.33704
2.76074,0.348953,2.50357,9.41919
2.77078,0.361523,2.37698,9.54982
2.78082,0.326508,2.29693,9.63317
2.79086,0.336084,2.21103,9.67642
2.80089,0.389056,2.09177,9.71038
2.81093,0.486469,2.02698,9.74495
2.82097,0.544528,1.9996,9.68869
2.83101,0.527021,2.00902,9.64275
2.84105,0.494849,2.05691,9.6218
2.85109,0.481531,2.1232,9.5992
2.86113,0.451754,2.19592,9.56583
2.87117,0.441878,2.22555,9.53591
2.88121,0.412549,2.18515,9.53546
2.89125,0.349851,2.10419,9.58738
2.90128,0.272339,2.02773,9.6001
2.91132,0.282365,1.92583,9.59726
2.92136,0.368705,1.80223,9.5781
2.9314,0.420928,1.66276,9.49416
2.94144,0.394443,1.58151,9.44208
2.95148,0.381574,1.63044,9.42712
2.96152,0.343566,1.67833,9.40857
2.97156,0.356585,1.69987,9.4168
2.9816,0.408359,1.74387,9.48159
2.99164,0.450108,1.78966,9.52214
3.00168,0.553207,1.81016,9.54863
3.01171,0.681297,1.76362,9.5805
3.02175,0.738607,1.72187,9.62554
3.03179,0.732023,1.70182,9.68928
3.04183,0.673067,1.68312,9.75438
3.05187,0.62623,1.62775,9.81513
3.06191,0.64284,1.56311,9.82426
3.07195,0.755516,1.51837,9.79762
3.08199,0.805794,1.51043,9.79373
3.09203,0.852182,1.59004,9.71442
3.10207,0.909343,1.66336,9.65711
3.1121,0.988052,1.72591,9.64888
3.12214,1.03893,1.77499,9.51885
3.13218,1.04342,1.83799,9.40034
3.14222,0.995384,1.90218,9.38268
3.15226,0.905004,1.96892,9.3553
3.1623,0.806393,2.00977,9.33075
3.17234,0.783199,1.95486,9.27374
3.18238,0.829736,1.82273,9.19907
3.19242,0.850685,1.72531,9.12575
3.20246,0.789933,1.66247,9.11408
3.2125,0.66753,1.61847,9.12635
3.22253,0.563383,1.61353,9.17528
3.23257,0.4326,1.66501,9.27524
3.24261,0.292241,1.6897,9.3101
3.25265,0.2059,1.64645,9.32372
3.26269,0.21009,1.64615,9.30158
3.27273,0.269496,1.67623,9.27419
3.28277,0.320073,1.70362,9.2703
3.29281,0.327854,1.772,9.27733
3.30285,0.295832,1.86687,9.28242
3.31289,0.311245,1.90069,9.24247
3.32292,0.365413,1.91685,9.15314
3.33296,0.447713,1.85535,9.04106
3.343,0.454896,1.71948,9.04644
3.35304,0.376187,1.67893,9.07637
3.36308,0.326807,1.68596,9.04719
3.37312,0.305558,1.58046,9.06709
3.38316,0.27623,1.50849,9.12875
3.3932,0.288649,1.40584,9.13668
3.40324,0.342968,1.29137,9.21239
3.41328,0.386811,1.16552,9.27359
3.42332,0.395041,1.04013,9.30681
3.43335,0.362271,0.893781,9.3722
3.44339,0.322617,0.562186,9.39809
3.45343,0.378282,0.0490809,9.38732
3.46347,0.450407,-0.479436,9.44852
3.47351,0.468214,-0.882558,9.63257
3.48355,0.408209,-1.23555,9.7656
3.49359,0.312741,-1.61009,9.89578
3.50363,0.286704,-1.96548,10.0638
3.51367,0.429308,-2.4313,10.1318
3.52371,0.640745,-3.01728,10.0979
3.53374,0.893182,-3.44943,10.0323
3.54378,1.12003,-3.82038,9.96372
3.55382,1.27042,-4.17173,9.90895
3.56386,1.33162,-4.33513,9.99275
3.5739,1.34972,-4.35593,10.2681
3.58394,1.17734,-4.29847,10.5059
3.59398,1.04791,-4.13192,10.5705
3.60402,1.26144,-3.96493,10.5172
3.61406,1.57029,-3.8952,10.2554
3.6241,1.66695,-3.73119,9.89728
3.63414,1.64765,-3.30383,9.8048
3.64417,1.50864,-2.83367,10.0981
3.65421,1.14906,-2.41828,10.3772
3.66425,0.555452,-2.05107,10.6359
3.67429,-0.151283,-1.50026,10.6866
3.68433,-0.606478,-0.727385,10.6033
3.69437,-0.698654,0.0809535,10.4831
3.70441,-0.557697,0.815222,10.3899
3.71445,-0.256627,1.64032,10.3724
3.72449,-0.130034,2.57375,10.3805
3.73453,-0.329201,3.60236,10.3496
3.74456,-0.776466,4.56198,10.4324
3.7546,-1.30827,5.24118,10.6238
3.76464,-1.81629,5.52504,10.7424
3.77468,-1.82856,5.52205,10.7507
3.78472,-1.28508,5.48389,10.8297
3.79476,-1.28508,5.48389,10.8297
3.8048,-0.0782601,5.45531,10.7227
3.81484,0.209342,5.4164,10.6591
3.82488,0.231638,5.38064,10.6347
3.83492,0.139761,5.30343,10.6212
3.84496,-0.00942712,5.15125,10.6538
3.85499,-0.00942712,5.15125,10.6538
3.86503,-0.553357,4.62872,10.4993
3.87507,-0.866996,4.2654,10.4054
3.88511,-1.12781,3.92827,10.3363
3.89515,-1.12781,3.92827,10.3363
3.90519,-1.22762,3.56854,10.2699
3.91523,-1.25665,3.07698,10.2829
3.92527,-1.16103,2.60383,10.313
3.93531,-0.922212,2.23857,10.3389
3.94535,-0.156819,1.77499,10.6176
3.95538,-0.156819,1.77499,10.6176
3.96542,0.00538693,1.50924,10.8787
3.97546,0.00538693,1.50924,10.8787
3.9855,0.0526722,1.33656,11.1635
3.99554,0.140509,1.14083,11.2199
4.00558,0.256627,0.905153,11.118
4.01562,0.398782,0.700151,10.9422
4.02566,0.572959,0.534054,10.8065
4.0357,0.631019,0.384866,10.6459
4.04574,0.779009,0.405965,10.3095
4.05578,0.974734,0.562635,10.0116
4.06581,1.08666,0.834525,9.82845
4.07585,1.12781,1.21385,9.60339
4.08589,1.08995,1.54306,9.4572
4.09593,0.998078,1.75958,9.44717
4.10597,0.832729,1.89246,9.41455
4.11601,0.756115,1.89575,9.35709
4.12605,0.779309,1.80627,9.25519
4.13609,0.819561,1.67114,9.20865
4.14613,0.777214,1.50041,9.22496
4.15617,0.673665,1.33311,9.22227
4.1662,0.608872,1.19874,9.15089
4.17624,0.548718,1.08921,9.06081
4.18628,0.506371,1.04013,9.02729
4.19632,0.516097,1.03758,9.03941
4.20636,0.501882,1.0521,9.04839
4.2164,0.385465,1.08247,9.09029
4.22644,0.255131,1.14472,9.16122
4.23648,0.204554,1.24633,9.25893
4.24652,0.210539,1.33192,9.30636
4.25656,0.302266,1.38564,9.35006
4.2666,0.367209,1.40344,9.34991
4.27663,0.392946,1.40689,9.35096
4.28667,0.42048,1.42783,9.35155
4.29671,0.452053,1.4416,9.37101
4.30675,0.488265,1.44833,9.41859
4.31679,0.533156,1.47347,9.49221
4.32683,0.584781,1.47632,9.58499
4.33687,0.622789,1.43038,9.70784
4.34691,0.707333,1.38878,9.78745
4.35695,0.899467,1.3385,9.81288
4.36699,1.08981,1.28688,9.92586
4.37702,1.17839,1.27281,10.0951
4.38706,1.12377,1.26099,10.187
4.3971,1.07903,1.23839,10.1786
4.40714,1.03339,1.1944,10.1526
4.41718,0.909792,1.1347,10.1162
4.42722,0.736961,1.01992,10.0409
4.43726,0.602887,0.888992,9.98931
4.4473,0.583434,0.827342,10.024
4.45734,0.600792,0.786042,9.9908
4.46738,0.581788,0.682793,9.84311
4.47742,0.518492,0.556799,9.74645
4.48745,0.422425,0.523729,9.72774
4.49749,0.446067,0.56458,9.59696
4.50753,0.512506,0.585529,9.52049
4.51757,0.608124,0.620993,9.45406
4.52761,0.656606,0.681297,9.29574
4.53765,0.660647,0.695961,9.22257
4.54769,0.679351,0.758659,9.26671
4.55773,0.681446,0.837517,9.38447
4.56777,0.811181,0.923409,9.41874
4.57781,1.03414,0.974435,9.46393
4.58784,1.33282,1.00601,9.57242
4.59788,1.64256,0.969198,9.66579
4.60792,1.94109,0.841258,9.63916
4.61796,2.3475,0.675461,9.52154
4.628,2.79267,0.514451,9.54309
4.63804,3.20971,0.529565,9.57122
4.64808,3.49671,0.562036,9.53022
4.65812,3.68361,0.589569,9.6221
4.66816,3.83998,0.662442,9.784
4.6782,3.93335,0.750279,9.83458
4.68824,4.10289,0.747436,9.78834
4.69827,4.18938,0.567124,9.82471
4.70831,4.32406,0.409556,9.88321
4.71835,4.69845,0.320073,9.75737
4.72839,5.20646,0.235828,9.63916
4.73843,5.67154,0.185101,9.63512
4.74847,5.96722,0.241514,9.62599
4.75851,6.01286,0.289847,9.58274
4.76855,5.90721,0.186747,9.51316
4.77859,5.811,0.117016,9.49565
4.78863,5.83269,0.0953187,9.50164
4.79866,5.88088,0.00718257,9.50119
4.8087,5.90856,-0.0125695,9.60773
4.81874,5.84796,0.013617,9.71293
4.82878,5.66824,-0.0442925,9.63347
4.83882,5.40369,-0.21428,9.39315
4.84886,5.01912,-0.380975,9.59561
4.8589,4.53459,-0.445469,10.0742
4.86894,4.21153,-0.454896,10.2347
4.87898,3.96687,-0.551561,10.4987
4.88902,3.45945,-0.74564,10.7668
4.89906,2.67446,-0.941964,10.7863
4.90909,1.89769,-1.13844,10.8545
4.91913,1.26907,-1.31202,10.8618
4.92917,0.720651,-1.44729,10.8603
4.93921,0.143352,-1.53438,10.9486
4.94925,-0.438586,-1.58421,10.9265
4.95929,-0.960519,-1.60725,10.8469
4.96933,-1.34509,-1.61802,10.8327
4.97937,-1.72531,-1.63089,10.6836
4.98941,-2.10883,-1.52076,10.4623
4.99945,-2.28346,-1.20368,10.3594
5.00948,-2.39943,-0.858167,10.2833
5.01952,-2.55864,-0.484823,10.2317
5.02956,-2.47754,-0.0680848,10.2814
5.0396,-2.17467,0.285657,10.2645
5.04964,-1.81839,0.568171,10.2136
5.05968,-1.47617,0.761801,10.1883
5.06972,-1.21326,0.887496,10.1985
5.07976,-1.00017,1.0093,10.1107
5.0898,-0.829736,1.10746,10.0146
5.09984,-0.732023,1.18931,9.92885
5.10988,-0.726038,1.26563,9.86466
5.11991,-0.744892,1.35825,9.83683
5.12995,-0.626679,1.44624,9.80675
5.13999,-0.315434,1.57164,9.72654
5.15003,0.00718257,1.71768,9.74764
5.16007,0.261416,1.87959,9.75872
5.17011,0.480634,2.04583,9.70739
5.18015,0.719304,2.20939,9.62464
5.19019,0.946303,2.31039,9.54878
5.20023,1.08606,2.35304,9.45241
5.21027,1.15415,2.38925,9.36083
5.2203,1.21056,2.37982,9.292
5.23034,1.2565,2.33538,9.24202
5.24038,1.32878,2.31234,9.20057
5.25042,1.43202,2.24919,9.20222
5.26046,1.49577,2.17916,9.17857
5.2705,1.52255,2.1208,9.14341
5.28054,1.5447,2.07501,9.17483
5.29058,1.54829,2.04419,9.26058
5.30062,1.57927,2.03267,9.34138
5.31066,1.5863,1.98837,9.34931
5.3207,1.6894,1.94618,9.30352
5.33073,1.82123,1.92508,9.29694
5.34077,1.89246,1.92403,9.30726
5.35081,1.92717,1.89814,9.32537
5.36085,2.02294,1.90218,9.28856
5.37089,2.13532,1.90907,9.22915
5.38093,2.18589,1.9143,9.18576
5.39097,2.19308,1.93061,9.18142
5.40101,2.18051,1.9381,9.20162
5.41105,2.17138,1.93825,9.22317
5.42109,2.17662,1.91176,9.26746
5.43112,2.20909,1.8754,9.31998
5.44116,2.23528,1.85265,9.3752
5.4512,2.27418,1.79938,9.40677
5.46124,2.33164,1.75883,9.42577
5.47128,2.39569,1.70616,9.45825
5.48132,2.4512,1.65244,9.48428
5.49136,2.48173,1.64421,9.50284
5.5014,2.48756,1.66411,9.50957
5.51144,2.4931,1.65588,9.52364
5.52148,2.51435,1.6481,9.53636
5.53152,2.50597,1.63912,9.49042
5.54155,2.50178,1.60381,9.49551
5.55159,2.43743,1.57912,9.55267
5.56163,2.31967,1.5676,9.56434
5.57167,2.25548,1.55084,9.5181
5.58171,2.2242,1.51747,9.52528
5.59175,2.2242,1.51747,9.52528
5.60179,2.31503,1.59318,9.51915
5.61183,2.38641,1.58929,9.50254
5.62187,2.38641,1.58929,9.50254
5.63191,2.46841,1.60291,9.48937
5.64194,2.54472,1.58929,9.47201
5.65198,2.54472,1.58929,9.47201
5.66202,2.5338,1.58151,9.40812
5.67206,2.41978,1.61069,9.27778
5.6821,2.41978,1.61069,9.27778
5.69214,2.3056,1.50205,9.22825
5.70218,2.3056,1.50205,9.22825
5.71222,2.26086,1.46375,9.20925
5.72226,2.24246,1.40883,9.18665
5.7323,2.25952,1.35391,9.19758
5.74234,2.22435,1.30169,9.18935
5.75237,2.08953,1.28224,9.128
5.76241,2.00513,1.27775,9.22421
5.77245,1.9149,1.33835,9.23289
5.78249,1.77529,1.33416,9.1488
5.79253,1.65394,1.32638,9.15882
5.80257,1.46704,1.32892,9.14999
5.81261,1.16567,1.29421,9.08954
5.82265,0.847094,1.24348,9.00155
5.83269,0.629971,1.25635,8.97103
5.84273,0.545726,1.3409,8.89157
5.85276,0.499039,1.45612,8.74837
5.8628,0.409706,1.56819,8.71979
5.87284,0.253036,1.68506,8.72772
5.88288,-0.046986,1.71274,8.79446
5.89292,-0.464772,1.67743,8.89022
5.90296,-0.856072,1.61353,8.87361
5.913,-1.17001,1.44474,9.02924
5.92304,-1.45851,1.26308,9.28931
5.93308,-1.66905,1.11435,9.45495
5.94312,-1.76616,0.879416,9.90805
5.95316,-1.61548,0.709728,10.1503
5.96319,-1.37187,0.456093,10.1651
5.97323,-1.17824,0.144998,10.1741
5.98327,-1.16792,-0.111779,10.0173
5.99331,-1.36798,-0.458038,9.95908
6.00335,-1.7117,-0.801904,10.0994
6.01339,-2.04434,-0.974884,10.2476
6.02343,-2.34855,-0.983264,10.3598
6.03347,-2.5953,-1.04207,10.3802
6.04351,-2.8425,-1.28822,10.5068
6.05355,-3.0502,-1.51432,10.6422
6.06358,-3.03793,-1.69359,10.7013
6.07362,-2.79133,-1.91924,10.8879
6.08366,-2.4497,-2.13367,11.1557
6.0937,-2.09851,-2.31309,11.4388
6.10374,-1.63807,-2.50627,11.7481
6.11378,-0.928347,-2.68179,12.1436
6.12382,-0.0517743,-2.86854,12.4652
6.13386,0.856671,-3.0499,12.5964
6.1439,1.81165,-2.99468,12.7099
6.15394,2.73312,-2.74374,12.7275
6.16398,3.65533,-2.27927,12.4333
6.17401,4.51888,-1.73519,12.2089
6.18405,5.23609,-1.22343,12.0137
6.19409,5.95166,-0.74998,11.764
6.20413,6.50711,-0.426465,11.6736
6.21417,6.86369,-0.344464,11.4866
6.22421,7.30452,-0.371099,11.2623
6.23425,7.82705,-0.365862,11.1737
6.24429,8.29587,-0.284609,11.1735
6.25433,8.59619,-0.110881,11.1628
6.26437,8.56701,-0.023493,11.0456
6.2744,8.29557,0.0429458,10.8364
6.28444,7.94691,0.135272,10.573
6.29448,7.68714,0.191984,10.2944
6.30452,7.40628,0.155323,10.1192
6.31456,6.93327,0.0673366,9.88277
6.3246,6.41059,-0.0282814,9.71816
6.33464,5.80756,-0.0998078,9.60803
6.34468,5.34623,0.0341172,9.56105
6.35472,5.09289,0.250941,9.50628
6.36476,4.85676,0.302416,9.29948
6.3748,4.50108,0.377085,9.04585
6.38483,4.01655,0.602737,8.85207
6.39487,3.50569,0.783648,8.77815
6.40491,3.02207,0.937924,8.7774
6.41495,2.55879,1.08741,8.77904
6.42499,2.12065,1.16058,8.81675
6.43503,1.81674,1.22747,8.88903
6.44507,1.68716,1.2345,9.02909
6.45511,1.60351,1.25396,9.1075
6.46515,1.54021,1.34823,9.12964
6.47519,1.46539,1.4205,9.11288
6.48522,1.32473,1.45731,9.06769
6.49526,1.15535,1.37367,9.09523
6.5053,0.879565,1.2782,9.20267
6.51534,0.545576,1.2375,9.25235
6.52538,0.376187,1.1531,9.38268
6.53542,0.250342,1.01559,9.46648
6.54546,0.217572,0.954533,9.41635
6.5555,0.142305,0.966355,9.38298
6.56554,-0.0451903,0.90635,9.3963
6.57558,-0.19378,0.77482,9.37086
6.58562,-0.27623,0.695362,9.38148
6.59565,-0.302117,0.664088,9.48368
6.60569,-0.282514,0.64299,9.55416
6.61573,-0.297328,0.691472,9.54459
6.62577,-0.234481,0.80355,9.56898
6.63581,-0.21443,0.888095,9.67402
6.64585,-0.20201,1.0081,9.62479
6.65589,-0.224156,1.03609,9.57227
6.66593,-0.249145,0.949146,9.58035
6.67597,-0.328154,0.841109,9.52738
6.68601,-0.410603,0.741451,9.45615
6.69604,-0.423622,0.777513,9.65502
6.70608,-0.402224,0.888394,9.71861
6.71612,-0.417188,0.822554,9.69572
6.72616,-0.457889,0.659599,9.7255
6.7362,-0.550813,0.537346,9.87693
6.74624,-0.635807,0.543032,10.1472
6.75628,-0.49874,0.711822,10.285
6.76632,-0.205302,0.952738,10.3014
6.77636,-0.0480334,1.12302,10.1669
6.7864,0.0197521,1.23361,10.0957
6.79644,0.0851434,1.34598,10.1428
6.80647,0.0133177,1.41227,10.1609
6.81651,-0.035015,1.44819,10.0969
6.82655,0.0107739,1.44549,10.0854
6.83659,-0.0345661,1.36199,10.1565
6.84663,-0.0160111,1.32219,10.2441
6.85667,0.0330697,1.32878,10.1131
6.86671,-0.101005,1.30259,9.74689
6.87675,-0.307055,1.38115,9.62225
6.88679,-0.432301,1.53497,9.72789
6.89683,-0.428859,1.66905,9.77278
6.90686,-0.24705,1.832,9.68614
6.9169,0.0215477,1.88049,9.58753
6.92694,0.108187,1.96862,9.68719
6.93698,0.129436,1.94513,9.74016
6.94702,0.119111,1.89485,9.54309
6.95706,0.0995085,1.89979,9.23319
6.9671,0.0466867,1.86777,9.04869
6.97714,-0.0139162,1.83081,8.85087
6.98718,-0.0980121,1.76886,8.53933
6.99722,-0.150684,1.67878,8.29183
7.00726,-0.154575,1.59663,8.23915
7.01729,-0.170137,1.61653,8.06797
7.02733,-0.140958,1.65708,7.80596
7.03737,-0.0686833,1.66995,7.53107
7.04741,-0.00508765,1.61967,7.23988
7.05745,0.0541685,1.54171,7.03847
7.06749,0.110282,1.55652,6.74877
7.07753,0.0855923,1.63553,6.35702
7.08757,0.0562635,1.49637,6.17087
7.09761,0.108487,1.36828,6.02213
7.10765,0.108337,1.34733,5.69907
7.11768,0.0260368,1.28852,5.44484
7.12772,-0.00628475,1.26997,5.32991
7.13776,-0.0466867,1.16926,5.13389
7.1478,-0.167743,1.11824,4.94834
7.15784,-0.150834,1.0702,4.82489
7.16788,-0.0231937,0.771528,4.68992
7.17792,0.0483327,0.684738,4.51724
7.18796,0.141257,0.827043,4.15227
7.198,-0.0182557,0.913683,3.90043
7.20804,-0.490061,1.29032,4.10933
7.21808,-1.32129,1.84727,5.00505
7.22811,-2.40167,2.14729,6.39802
7.23815,-3.14267,2.04658,7.74026
7.24819,-2.70484,1.71723,8.37308
7.25823,-1.85969,1.1947,8.10717
7.26827,-1.13096,0.448312,7.74879
7.27831,-0.564879,-0.237923,7.63193
7.28835,-0.289547,-0.677256,7.61382
7.29839,-0.180312,-0.625033,7.96981
7.30843,-0.582985,-0.163553,8.00901
7.31847,-1.02516,0.388008,8.29183
7.3285,-0.810283,0.82016,9.19863
7.33854,-0.378581,0.822404,10.0432
7.34858,-0.0210988,0.484823,10.7963
7.35862,0.221612,-0.106541,11.3271
7.36866,0.998377,-0.738907,11.4908
7.3787,0.998377,-0.738907,11.4908
7.38874,1.88258,-1.18707,11.7148
7.39878,2.20011,-1.35017,12.4377
7.40882,1.48425,-1.37935,15.3864
7.41886,1.48425,-1.37935,15.3864
7.4289,1.6493,-1.49502,16.4129
7.43893,2.2031,-1.59453,16.9097
7.44897,2.7415,-1.57134,17.4403
7.45901,2.92824,-1.296,17.7801
7.46905,3.0267,-1.09654,18.0902
7.47909,2.92555,-0.639398,18.0862
7.48913,2.76245,-0.322767,17.6565
7.49917,2.79282,-0.293737,17.1373
7.50921,2.81108,-0.393096,15.6176
7.51925,2.81108,-0.393096,15.6176
7.52929,2.84953,-0.546174,14.8823
7.53932,2.7587,-0.675461,14.1232
7.54936,2.70678,-0.709129,13.205
7.5594,2.60563,-0.689676,12.1399
7.56944,2.46841,-0.668727,11.4635
7.57948,2.32476,-0.578047,10.8834
7.58952,2.26386,-0.580591,10.335
7.59956,2.36217,-0.641044,10.0908
7.6096,2.4729,-0.64703,9.78161
7.61964,2.41693,-0.735615,9.45121
7.62968,2.21777,-0.835572,9.21105
7.63972,2.00049,-0.867894,8.99796
7.64975,1.81539,-0.837517,8.86449
7.65979,1.59797,-0.748035,8.75959
7.66983,1.37307,-0.672019,8.63375
7.67987,1.20233,-0.736961,8.69644
7.68991,1.15849,-0.704041,8.78653
7.69995,1.26443,-0.702844,8.92614
7.70999,1.35302,-0.707034,9.01727
7.72003,1.48559,-0.707184,9.23798
7.73007,1.68745,-0.777214,9.64649
7.74011,1.80447,-0.795619,9.98901
7.75014,1.78621,-0.850237,10.1333
7.76018,1.76691,-0.976829,10.1321
7.77022,1.71214,-1.00032,9.99005
7.78026,1.55473,-0.991643,9.90162
7.7903,1.41003,-0.953187,9.93364
7.80034,1.37801,-0.913383,9.97853
7.81038,1.40539,-0.897073,9.96596
7.82042,1.44025,-0.925354,9.96836
7.83046,1.56864,-0.963362,9.96342
7.8405,1.76691,-0.945705,9.98257
7.85054,1.88542,-0.890489,9.98661
7.86057,1.895,-0.875974,9.98422
7.87061,1.90473,-0.879865,9.87708
7.88065,1.94109,-0.856521,9.71457
7.89069,2.02114,-0.905303,9.71173
7.90073,2.06978,-0.877171,9.6438
7.91077,2.07546,-0.788586,9.56449
7.92081,2.06963,-0.730228,9.59037
7.93085,2.09851,-0.674264,9.59905
7.94089,2.13083,-0.628175,9.56149
7.95093,2.16375,-0.636405,9.54414
7.96096,2.15088,-0.622639,9.62135
7.971,2.09641,-0.602588,9.68495
7.98104,2.06604,-0.601989,9.7674
7.99108,2.08354,-0.555452,9.92661
8.00112,2.06933,-0.50667,10.2386
8.01116,2.04688,-0.45729,10.6
8.0212,2.02952,-0.444721,10.8297
8.03124,2.03566,-0.471506,10.9932
8.04128,2.02863,-0.513404,11.3052
8.05132,2.00184,-0.505024,11.6186
8.06136,1.91909,-0.492904,11.9615
8.07139,1.87211,-0.491557,12.537
8.08143,1.85654,-0.37484,12.7706
8.09147,1.83859,-0.296131,12.9339
8.10151,1.89036,-0.248996,13.2473
8.11155,1.8745,-0.286854,13.4715
8.12159,1.62057,-0.465071,13.6512
8.13163,1.41003,-0.677107,13.8071
8.14167,1.37875,-0.854576,14.0077
8.15171,1.42769,-1.0515,14.4519
8.16175,1.52211,-1.35481,15.0297
8.17178,1.72157,-1.49203,15.3723
8.18182,1.9155,-1.67444,15.7756
8.19186,2.06394,-1.87151,15.8213
8.2019,2.20595,-2.30276,15.8468
8.21194,2.33793,-2.51839,16.6582
8.22198,2.46003,-2.18934,17.4987
8.23202,2.63241,-1.96009,17.5689
8.24206,2.76185,-2.01291,17.295
8.2521,2.86285,-2.02803,17.2073
8.26214,2.93617,-1.99032,17.0354
8.27218,2.78564,-2.29034,15.8581
8.28221,2.45554,-2.72833,13.8429
8.29225,2.286,-3.14552,12.0845
8.30229,2.38192,-3.17739,11.1114
8.31233,2.35873,-2.5145,10.3959
8.32237,1.85415,-1.96728,9.00559
8.33241,1.24049,-1.84742,7.17284
8.34245,0.933285,-1.79893,5.8502
8.35249,0.894529,-1.53767,4.69486
8.36253,0.871784,-1.17375,3.56585
8.37257,0.702994,-1.00661,3.09644
8.3826,0.432301,-0.792776,3.09464
8.39264,0.237324,-0.530612,3.18083
8.40268,0.220415,-0.364515,3.34932
8.41272,0.000897821,0.141257,3.05543
8.42276,-0.260368,0.732472,2.53245
8.4328,-0.0181061,0.962614,2.20116
8.44284,0.215776,1.14173,2.06409
8.45288,0.055216,1.40479,2.11302
8.46292,-0.11956,1.56864,2.13442
8.47296,-0.265456,1.67219,2.2851
8.483,-0.482728,1.79759,2.90011
8.49303,-0.794572,2.11946,3.68211
8.50307,-1.2978,2.43055,4.31598
8.51311,-1.83634,2.52333,4.81965
8.52315,-2.10793,2.39658,5.50918
8.53319,-2.27897,2.23887,6.29028
8.54323,-2.19113,2.14864,6.75925
8.55327,-1.89111,1.98837,7.28746
8.56331,-1.45028,1.87181,7.82182
8.57335,-0.875824,1.87226,8.19082
8.58339,-0.43275,1.96593,8.47109
8.59342,-0.183305,2.15911,8.75091
8.60346,-0.109534,2.19188,8.89187
8.6135,-0.239718,2.25114,8.90564
8.62354,-0.430505,2.53141,9.13488
8.63358,-0.610668,2.89682,9.46917
8.64362,-0.741151,3.12382,9.98991
8.65366,-0.745341,3.2971,10.7336
8.6637,-0.557098,3.46709,10.9736
8.67374,-0.355986,3.42264,11.0427
8.68378,-0.172382,3.04556,10.1686
8.69382,0.00224455,2.82185,9.37205
8.70385,0.147093,2.91612,8.90234
8.71389,0.38307,2.63481,9.11064
8.72393,0.718855,2.61101,9.76904
8.73397,0.703144,3.05319,10.253
8.74401,-0.00448911,3.36758,10.6715
8.75405,-0.703293,3.317,11.3796
8.76409,-0.881361,3.07713,12.1426
8.77413,-0.974884,2.75541,12.8486
8.78417,-0.878668,2.52243,12.394
8.79421,-0.62623,1.84427,12.2068
8.80424,-0.228047,1.53348,12.2244
8.81428,0.160411,1.34494,12.0404
8.82432,0.321121,1.19126,11.9968
8.83436,0.506371,1.34389,11.7414
8.8444,0.528667,1.42409,11.404
8.85444,0.467914,1.40733,11.0317
8.86448,0.340125,1.3991,10.566
8.87452,0.253186,1.42739,10.0089
8.88456,0.274284,1.47273,9.44897
8.8946,0.349701,1.50565,8.91417
8.90464,0.484524,1.45582,8.16838
8.91467,0.571014,1.28972,7.16566
8.92471,0.401176,1.0295,6.0573
8.93475,-0.00778112,0.833477,5.26378
8.94479,-0.398483,0.742049,4.87891
8.95483,-0.557697,0.781553,4.62183
8.96487,-0.624285,0.99284,4.63994
8.97491,-0.596752,1.12946,4.85422
8.98495,-0.463874,1.3816,5.12357
8.99499,-0.397884,1.49233,5.49152
9.00503,-0.432151,1.52884,5.91844
9.01506,-0.307953,1.67728,6.35657
9.0251,0.000748184,1.74701,6.90275
9.03514,0.294186,1.61937,7.3352
9.04518,0.471955,1.4425,7.68026
9.05522,0.612464,1.32488,8.15177
9.06526,0.524477,1.25785,8.75331
9.0753,0.318726,1.44115,9.28317
9.08534,0.0779608,1.75225,9.6631
9.09538,-0.309748,2.11781,10.0881
9.10542,-0.54408,2.58079,10.3637
9.11546,-0.54797,3.08237,10.3172
9.12549,-0.376187,3.44703,10.2823
9.13553,-0.0390552,3.46858,10.1988
9.14557,-0.0390552,3.46858,10.1988
9.15561,-0.0448911,3.14178,9.46483
9.16565,-0.0448911,3.14178,9.46483
9.17569,-0.282365,3.27929,9.17259
9.18573,-0.610818,3.27016,9.25519
9.19577,-0.654362,3.44404,9.53052
9.20581,-0.395341,3.749,9.39315
9.21585,0.165199,3.59323,9.37205
9.22588,0.165199,3.59323,9.37205
9.23592,0.592263,3.53098,9.03732
9.24596,0.592263,3.53098,9.03732
9.256,0.472852,3.37835,8.79042
9.26604,0.124947,3.31505,8.79969
9.27608,-0.25947,3.25041,8.88678
9.28612,-0.550514,3.13594,8.80523
9.29616,-0.617102,2.99857,8.67116
9.3062,-0.496196,2.94665,8.65365
9.31624,-0.417786,2.94859,8.73266
9.32628,-0.381125,2.94051,8.82513
9.33631,-0.382472,2.95907,8.93242
9.34635,-0.446666,2.99753,9.09942
9.35639,-0.515499,3.04361,9.07338
9.36643,-0.643887,2.90804,8.83965
9.37647,-0.816119,2.69092,8.83995
9.38651,-0.858915,2.54906,9.0873
9.39655,-0.849788,2.41678,9.31325
9.40659,-0.870438,2.33703,9.43924
9.41663,-0.782451,2.30306,9.63736
9.42667,-0.559492,2.30156,9.84341
9.4367,-0.42452,2.35469,10.0602
9.44674,-0.377683,2.4518,10.3891
9.45678,-0.241065,2.532,10.652
9.46682,0.0809535,2.55819,10.6531
9.47686,0.344913,2.44477,10.3151
9.4869,0.405665,2.19742,10.1267
9.49694,0.387859,2.09312,10.181
9.50698,0.361074,2.26206,10.4078
9.51702,0.324113,2.47125,10.5814
9.52706,0.268748,2.54637,10.6529
9.5371,0.320223,2.48472,10.5898
9.54713,0.412998,2.26206,10.4325
9.55717,0.49455,2.03117,10.2911
9.56721,0.677855,1.90428,10.1108
9.57725,0.759706,1.85385,9.9504
9.58729,0.680099,1.94648,9.88561
9.59733,0.40791,2.13996,9.89114
9.60737,0.141706,2.34556,9.85837
9.61741,-0.000299274,2.47574,9.77892
9.62745,-0.0776615,2.5329,9.70081
9.63749,-0.136768,2.5347,9.54878
9.64752,-0.132578,2.50537,9.46214
9.65756,-0.0625482,2.46452,9.40363
9.6676,-0.033369,2.38701,9.34482
9.67764,-0.0779608,2.24321,9.30262
9.68768,-0.0906799,2.11991,9.27255
9.69772,-0.0342668,2.01965,9.26925
9.70776,0.0390552,1.94707,9.22751
9.7178,0.0121206,1.86448,9.28871
9.72784,-0.160111,1.84203,9.50194
9.73788,-0.363318,1.88512,9.67492
9.74792,-0.433797,1.93391,9.75303
9.75795,-0.271741,1.96623,9.75378
9.76799,0.016909,1.96907,9.73642
9.77803,0.20186,2.00498,9.74809
9.78807,0.28027,2.08399,9.73702
9.79811,0.249894,2.13232,9.55102
9.80815,0.153527,2.11437,9.38073
9.81819,0.121056,2.13846,9.31265
9.82823,0.118512,2.25293,9.24307
9.83827,0.137816,2.33104,9.17708
9.84831,0.205751,2.38267,9.17199
9.85834,0.314836,2.52243,9.16945
9.86838,0.372296,2.6384,9.06665
9.87842,0.47809,2.68927,8.93571
9.88846,0.590317,2.71755,8.87152
9.8985,0.718706,2.74284,8.90743
9.90854,0.826744,2.79058,8.96295
9.91858,0.895576,2.7798,8.9839
9.92862,0.866996,2.62239,9.0243
9.93866,0.870438,2.42666,9.05153
9.9487,0.897372,2.26071,9.02161
9.95874,0.897671,2.18096,9.05767
9.96877,0.931938,2.2242,9.15119
9.97881,1.05853,2.35723,9.27778
9.98885,1.18423,2.47499,9.27404
9.99889,1.17285,2.49908,9.18336
10.0089,1.06122,2.5534,9.11603
10.019,0.906799,2.58243,9.07802
10.029,0.740852,2.5754,9.19803
10.039,0.581638,2.59425,9.32133
10.0491,0.401027,2.57256,9.38014
10.0591,0.264558,2.51704,9.39585
10.0692,0.223707,2.40571,9.35096
10.0792,0.196772,2.32281,9.30382
10.0892,0.212933,2.34675,9.30951
10.0993,0.277277,2.46631,9.40782
10.1093,0.396238,2.64902,9.48847
10.1194,0.413896,2.76574,9.48668
10.1294,0.33788,2.80599,9.47156
10.1394,0.283412,2.79806,9.52049
10.1495,0.233433,2.83786,9.61043
10.1595,0.243609,2.86824,9.66759
10.1696,0.254532,2.83337,9.71323
10.1796,0.332044,2.81108,9.71876
10.1896,0.471805,2.81946,9.65262
10.1997,0.58523,2.81063,9.63706
10.2097,0.657804,2.8416,9.63227
10.2198,0.610219,2.8208,9.61671
10.2298,0.472104,2.74868,9.62075
10.2398,0.358231,2.72189,9.72625
10.2499,0.289847,2.72997,9.87229
10.2599,0.291642,2.73776,9.93933
10.2699,0.313639,2.71366,9.93768
10.28,0.415392,2.67057,9.94561
10.29,0.534952,2.64588,9.89234
10.3001,0.592263,2.62119,9.76545
10.3101,0.538094,2.58168,9.69707
10.3201,0.443973,2.58707,9.62763
10.3302,0.340424,2.63406,9.59352
10.3402,0.283113,2.68882,9.60444
10.3503,0.23478,2.72025,9.54893
10.3603,0.194977,2.71037,9.4584
10.3703,0.198867,2.71456,9.38522
10.3804,0.145148,2.71845,9.36098
10.3904,0.0553656,2.73761,9.37011
10.4005,-0.00119709,2.75975,9.37146
10.4105,0.055216,2.75945,9.4361
10.4205,0.167593,2.76185,9.60938
10.4306,0.339376,2.79686,9.66489
10.4406,0.603934,2.85702,9.5401
10.4506,0.772425,2.6972,9.06126
10.4607,0.0269346,2.0207,7.49456
10.4707,-1.21475,1.8534,9.48383
10.4808,-1.31321,2.75242,10.8216
10.4908,-0.819262,3.1925,11.1051
10.5008,-0.458936,2.87198,11.0091
10.5109,-0.292091,2.532,11.0137
10.5209,-0.383519,2.49295,10.982
10.531,-0.514003,2.16569,10.247
11.549,-0.325161,1.34344,9.10391
11.559,-0.282514,1.49966,9.03642
11.5691,-0.183904,1.71349,9.09852
11.5791,-0.0495298,1.84592,9.26821
11.5892,0.144998,1.89006,9.50538
11.5992,0.365563,1.9583,9.79762
11.6092,0.660497,2.01785,9.96596
11.6193,0.777214,1.91849,9.97165
11.6293,0.405516,1.60785,9.87528
11.6394,0.0734717,1.37816,9.66205
11.6494,0.245404,1.51522,9.3517
11.6594,0.421677,1.71978,9.23125
11.6695,0.4739,1.80447,9.28392
11.6795,0.461929,1.89859,9.2489
11.6895,0.474498,2.09312,9.17483
11.6996,0.505174,2.24545,9.17049
11.7096,0.505922,2.31383,9.21194
11.7197,0.465969,2.34137,9.39989
11.7297,0.441429,2.31279,9.62569
11.7397,0.439483,2.23213,9.59008
11.7498,0.442027,2.08235,9.51002
11.7598,0.405217,1.84787,9.44882
11.7699,0.263959,1.69299,9.40318
11.7799,0.182856,1.63927,9.49401
11.7899,0.177619,1.56251,9.6628
11.8,0.197521,1.43592,9.71158
11.81,0.300471,1.30169,9.56
11.8201,0.265156,1.32503,9.63302
11.8301,0.239868,1.34389,9.75617
11.8401,0.255131,1.37037,9.61701
11.8502,0.271591,1.39716,9.56539
11.8602,0.37484,1.43277,9.56928
11.8702,0.379479,1.42454,9.57795
11.8803,0.268748,1.35406,9.59202
11.8903,0.130783,1.23091,9.50374
11.9004,0.0692819,1.11554,9.55955
11.9104,0.00957676,1.10986,9.9305
11.9204,-0.0591066,1.19246,10.0522
11.9305,-0.100257,1.18692,9.81004
11.9405,-0.143651,1.06287,9.54099
11.9506,-0.161757,0.98057,9.45241
11.9606,-0.136918,1.02726,9.53172
11.9706,-0.00329201,1.10701,9.75931
11.9807,0.0963661,1.20233,9.83503
11.9907,0.0784097,1.22972,9.76545
12.0008,0.00823003,1.21311,9.70305
12.0108,-0.0348654,1.19889,9.65382
12.0208,-0.0582087,1.21071,9.63586
12.0309,-0.0426465,1.27685,9.62225
12.0409,0.0513254,1.3379,9.56688
12.051,0.139312,1.38773,9.55701
12.061,0.164152,1.46629,9.55536
12.071,0.100406,1.48455,9.47486
12.0811,0.146046,1.44415,9.67537
12.0911,0.162206,1.5266,9.79553
12.1011,0.1854,1.56385,9.71397
12.1112,0.145597,1.485,9.743
12.1212,0.117615,1.41931,9.75961
12.1313,0.182557,1.40015,9.59456
12.1413,0.216674,1.37367,9.41814
12.1513,0.226849,1.47497,9.33734
12.1614,0.257974,1.61458,9.3128
12.1714,0.20201,1.71259,9.43341
12.1815,0.0740702,1.73534,9.7671
12.1915,-0.0347157,1.73459,10.1175
12.2015,-0.086939,1.67384,10.1684
12.2116,-0.0534204,1.52719,9.86241
12.2216,-0.00104746,1.47826,9.65247
12.2317,-0.00643438,1.49921,9.62748
12.2417,0.0288799,1.6068,9.68674
12.2517,0.182707,1.68745,9.73462
12.2618,0.257375,1.68431,9.7029
12.2718,0.151133,1.6282,9.65592
12.2819,-0.0629971,1.53228,9.55087
12.2919,-0.311245,1.48619,9.62689
12.3019,-0.45325,1.49667,9.70889
12.312,-0.595555,1.61473,9.80166
12.322,-0.720052,1.80701,9.96103
12.332,-0.553507,1.94498,10.0722
12.3421,-0.297478,1.99391,10.1225
12.3521,-0.199915,2.07471,9.94786
12.3622,-0.0378581,2.05825,9.7638
12.3722,0.204703,2.0183,9.7225
12.3822,0.323814,1.94692,9.71338
12.3923,0.200813,1.86058,9.68689
12.4023,0.0715264,1.74521,9.71173
12.4124,-0.070479,1.45836,9.01622
12.4224,-0.475696,1.03354,8.64811
12.4324,-0.406114,1.29675,9.48398
12.4425,0.0481831,1.65902,9.97719
12.4525,0.436491,1.75823,9.99664
12.4626,0.573408,2.23168,9.8084
12.4726,0.573408,2.23168,9.8084
12.4826,0.652566,2.34975,10.1771
12.4927,0.572211,2.34511,10.2739
12.5027,0.34626,2.20221,9.73792
12.5127,0.275182,1.60141,9.23514
